Type,Name,Request Count,Failure Count,Median Response Time,Average Response Time,Min Response Time,Max Response Time,Average Content Size,Requests/s,Failures/s,50%,66%,75%,80%,90%,95%,98%,99%,99.9%,99.99%,100%
POST,/optimize_packing,12,0,2000,6963.874260500002,192.55207999992763,29127.195217999997,2676.75,0.04066197078533786,0.0,2800,7900,13000,13000,18000,29000,29000,29000,29000,29000,29000
POST,/optimize_routing,27,0,25000,22143.964198666657,5192.731802000026,39727.16762899995,2524.5185185185187,0.09148943426701019,0.0,25000,27000,33000,38000,39000,39000,40000,40000,40000,40000,40000
POST,/optimize_schedule,39,0,13000,13637.797164307693,192.4206859999913,43079.68234099996,7205.7692307692305,0.13215140505234807,0.0,13000,17000,19000,26000,34000,39000,43000,43000,43000,43000,43000
,Aggregated,78,0,13000,15555.482229461531,192.4206859999913,43079.68234099996,4888.5641025641025,0.26430281010469614,0.0,13000,20000,26000,28000,38000,39000,40000,43000,43000,43000,43000
