Type,Name,Request Count,Failure Count,Median Response Time,Average Response Time,Min Response Time,Max Response Time,Average Content Size,Requests/s,Failures/s,50%,66%,75%,80%,90%,95%,98%,99%,99.9%,99.99%,100%
POST,/optimize_packing,478,0,210,2797.7573562364037,189.03513400005068,24346.91277900015,3559.4267782426778,1.6006444472332757,0.0,220,280,1100,2200,11000,20000,21000,22000,24000,24000,24000
,Aggregated,478,0,210,2797.7573562364037,189.03513400005068,24346.91277900015,3559.4267782426778,1.6006444472332757,0.0,220,280,1100,2200,11000,20000,21000,22000,24000,24000,24000
