Type,Name,Request Count,Failure Count,Median Response Time,Average Response Time,Min Response Time,Max Response Time,Average Content Size,Requests/s,Failures/s,50%,66%,75%,80%,90%,95%,98%,99%,99.9%,99.99%,100%
POST,/optimize_packing,16,0,4800,8349.20531762502,197.17550600000777,25103.601138000045,2312.8125,0.05377666203850463,0.0,7200,10000,20000,20000,20000,25000,25000,25000,25000,25000,25000
POST,/optimize_routing,28,0,20000,16730.028036035703,5198.217807999981,29864.69334800006,2320.0714285714284,0.0941091585673831,0.0,20000,20000,20000,25000,25000,25000,30000,30000,30000,30000,30000
POST,/optimize_schedule,69,0,10000,12201.070514057974,196.38550499985286,24936.286382999926,7987.695652173913,0.23191185504105122,0.0,10000,20000,20000,20000,21000,25000,25000,25000,25000,25000,25000
,Aggregated,113,0,10000,12777.893235053092,196.38550499985286,29864.69334800006,5779.805309734514,0.37979767564693895,0.0,10000,20000,20000,20000,25000,25000,25000,25000,30000,30000,30000
