Type,Name,Request Count,Failure Count,Median Response Time,Average Response Time,Min Response Time,Max Response Time,Average Content Size,Requests/s,Failures/s,50%,66%,75%,80%,90%,95%,98%,99%,99.9%,99.99%,100%
POST,/optimize_packing,12,0,28000,29206.72132300001,197.83500900007311,50352.175796999974,4516.166666666667,0.045057114562237204,0.0,36000,45000,45000,45000,50000,50000,50000,50000,50000,50000,50000
POST,/optimize_routing,18,0,35000,28495.41381105555,5196.838841000044,44993.29700499993,3240.277777777778,0.06758567184335582,0.0,35000,35000,36000,36000,45000,45000,45000,45000,45000,45000,45000
POST,/optimize_schedule,58,0,29000,24776.439335965504,193.49982899984752,55426.457207000116,8466.344827586207,0.21777605371747982,0.0,30000,35000,36000,45000,50000,50000,51000,55000,55000,55000,55000
,Aggregated,88,0,30000,26141.268022284083,193.49982899984752,55426.457207000116,6858.715909090909,0.3304188401230729,0.0,31000,35000,36000,45000,50000,50000,51000,55000,55000,55000,55000
